prompt_id,prompt,category,occupation,condition_label,mode,steering_target,value,baseline_he_logit,baseline_she_logit,baseline_they_logit,baseline_he_prob,baseline_she_prob,baseline_they_prob,baseline_bias_score,baseline_preferred_binary_pronoun,baseline_top_prediction,steered_he_logit,steered_she_logit,steered_they_logit,steered_he_prob,steered_she_prob,steered_they_prob,steered_bias_score,steered_preferred_binary_pronoun,steered_top_prediction,delta_bias,delta_he_logit,delta_she_logit,delta_they_logit,preferred_pronoun_flipped,baseline_prediction_changed
doctor_said_that,The doctor said that,masculine_coded,doctor,sweep:-1.0,sweep,,-1.0,13.956158638000488,13.198789596557617,12.0713472366333,0.12703950703144073,0.059568632394075394,0.01929192803800106,0.7573690414428711,he, he,9.710623741149902,9.721109390258789,7.477694988250732,0.01834617182612419,0.018539555370807648,0.001966965850442648,-0.010485649108886719,she, she,-0.7678546905517578,-4.245534896850586,-3.477680206298828,-4.593652248382568,True,True
doctor_said_that,The doctor said that,masculine_coded,doctor,sweep:0.0,sweep,,0.0,13.956158638000488,13.198789596557617,12.0713472366333,0.12703950703144073,0.059568632394075394,0.01929192803800106,0.7573690414428711,he, he,9.318123817443848,9.634750366210938,7.683654308319092,0.01248700451105833,0.0171382874250412,0.0024356627836823463,-0.31662654876708984,she, she,-1.073995590209961,-4.638034820556641,-3.5640392303466797,-4.387692928314209,True,True
doctor_said_that,The doctor said that,masculine_coded,doctor,sweep:1.0,sweep,,1.0,13.956158638000488,13.198789596557617,12.0713472366333,0.12703950703144073,0.059568632394075394,0.01929192803800106,0.7573690414428711,he, he,8.922271728515625,9.544188499450684,7.885650157928467,0.008425436913967133,0.01569232903420925,0.002988087944686413,-0.6219167709350586,she, she,-1.3792858123779297,-5.033886909484863,-3.6546010971069336,-4.185697078704834,True,True
doctor_told_patient_that,The doctor told the patient that,masculine_coded,doctor,sweep:-1.0,sweep,,-1.0,15.67524528503418,14.7511568069458,13.512306213378906,0.31540095806121826,0.1251804381608963,0.036266908049583435,0.9240884780883789,he, he,11.339703559875488,11.406914710998535,8.920665740966797,0.06646193563938141,0.0710824504494667,0.005915591958910227,-0.06721115112304688,she, she,-0.9912996292114258,-4.335541725158691,-3.3442420959472656,-4.591640472412109,True,True
doctor_told_patient_that,The doctor told the patient that,masculine_coded,doctor,sweep:0.0,sweep,,0.0,15.67524528503418,14.7511568069458,13.512306213378906,0.31540095806121826,0.1251804381608963,0.036266908049583435,0.9240884780883789,he, he,10.939154624938965,11.317968368530273,9.129412651062012,0.04591502249240875,0.06706123054027557,0.00751612288877368,-0.3788137435913086,she, she,-1.3029022216796875,-4.736090660095215,-3.4331884384155273,-4.3828935623168945,True,True
doctor_told_patient_that,The doctor told the patient that,masculine_coded,doctor,sweep:1.0,sweep,,1.0,15.67524528503418,14.7511568069458,13.512306213378906,0.31540095806121826,0.1251804381608963,0.036266908049583435,0.9240884780883789,he, he,10.534337997436523,11.223858833312988,9.333381652832031,0.03124818205833435,0.062270134687423706,0.009402774274349213,-0.6895208358764648,she, she,-1.6136093139648438,-5.140907287597656,-3.5272979736328125,-4.178924560546875,True,True
doctor_realized_that,The doctor realized that,masculine_coded,doctor,sweep:-1.0,sweep,,-1.0,14.599010467529297,13.82728099822998,12.320898056030273,0.14083313941955566,0.06509491056203842,0.01443222165107727,0.7717294692993164,he, the,10.271746635437012,10.495695114135742,7.720537185668945,0.022868987172842026,0.028609251603484154,0.00178349029738456,-0.22394847869873047,she, she,-0.9956779479980469,-4.327263832092285,-3.3315858840942383,-4.600360870361328,True,True
doctor_realized_that,The doctor realized that,masculine_coded,doctor,sweep:0.0,sweep,,0.0,14.599010467529297,13.82728099822998,12.320898056030273,0.14083313941955566,0.06509491056203842,0.01443222165107727,0.7717294692993164,he, the,9.862167358398438,10.40247631072998,7.931018829345703,0.015318430960178375,0.026294656097888947,0.002220890484750271,-0.540308952331543,she, she,-1.3120384216308594,-4.736843109130859,-3.4248046875,-4.38987922668457,True,True
doctor_realized_that,The doctor realized that,masculine_coded,doctor,sweep:1.0,sweep,,1.0,14.599010467529297,13.82728099822998,12.320898056030273,0.14083313941955566,0.06509491056203842,0.01443222165107727,0.7717294692993164,he, the,9.449000358581543,10.304471969604492,8.1370267868042,0.01014283113181591,0.023860841989517212,0.0027313432656228542,-0.8554716110229492,she, she,-1.6272010803222656,-5.150010108947754,-3.5228090286254883,-4.183871269226074,True,True
engineer_said_that,The engineer said that,masculine_coded,engineer,sweep:-1.0,sweep,,-1.0,12.750202178955078,10.609457969665527,11.331442832946777,0.06928371638059616,0.008145499974489212,0.016767635941505432,2.140744209289551,he, the,8.3149995803833,7.391171932220459,6.736368656158447,0.006866127252578735,0.0027258291374891996,0.0014161887811496854,0.9238276481628418,he, although,-1.216916561126709,-4.435202598571777,-3.2182860374450684,-4.59507417678833,False,True
engineer_said_that,The engineer said that,masculine_coded,engineer,sweep:0.0,sweep,,0.0,12.750202178955078,10.609457969665527,11.331442832946777,0.06928371638059616,0.008145499974489212,0.016767635941505432,2.140744209289551,he, the,7.919260025024414,7.305828094482422,6.945169925689697,0.0046170479618012905,0.0025000821333378553,0.0017431004671379924,0.6134319305419922,he, although,-1.5273122787475586,-4.830942153930664,-3.3036298751831055,-4.38627290725708,False,True
engineer_said_that,The engineer said that,masculine_coded,engineer,sweep:1.0,sweep,,1.0,12.750202178955078,10.609457969665527,11.331442832946777,0.06928371638059616,0.008145499974489212,0.016767635941505432,2.140744209289551,he, the,7.520754337310791,7.217281341552734,7.150256633758545,0.003087551798671484,0.0022793845273554325,0.0021316169295459986,0.30347299575805664,he, although,-1.8372712135314941,-5.229447841644287,-3.392176628112793,-4.181186199188232,False,True
engineer_told_team_that,The engineer told the team that,masculine_coded,engineer,sweep:-1.0,sweep,,-1.0,13.449320793151855,11.208765029907227,12.986795425415039,0.1279601752758026,0.013614880852401257,0.08057542890310287,2.240555763244629,he, the,9.056797981262207,8.002227783203125,8.371971130371094,0.01605725660920143,0.00559341860935092,0.00809570774435997,1.054570198059082,he, he,-1.1859855651855469,-4.392522811889648,-3.2065372467041016,-4.614824295043945,False,True
engineer_told_team_that,The engineer told the team that,masculine_coded,engineer,sweep:0.0,sweep,,0.0,13.449320793151855,11.208765029907227,12.986795425415039,0.1279601752758026,0.013614880852401257,0.08057542890310287,2.240555763244629,he, the,8.649435997009277,7.91346549987793,8.583915710449219,0.0106754619628191,0.005113976541906595,0.009998424910008907,0.7359704971313477,he, he,-1.5045852661132812,-4.799884796142578,-3.295299530029297,-4.40287971496582,False,True
engineer_told_team_that,The engineer told the team that,masculine_coded,engineer,sweep:1.0,sweep,,1.0,13.449320793151855,11.208765029907227,12.986795425415039,0.1279601752758026,0.013614880852401257,0.08057542890310287,2.240555763244629,he, the,8.23887825012207,7.821056365966797,8.791123390197754,0.007041626144200563,0.004636766389012337,0.012232352048158646,0.41782188415527344,he, they,-1.8227338790893555,-5.210442543029785,-3.3877086639404297,-4.195672035217285,False,True
engineer_explained_that,The engineer explained that,masculine_coded,engineer,sweep:-1.0,sweep,,-1.0,12.751503944396973,10.627030372619629,11.883353233337402,0.0606582909822464,0.007248414680361748,0.025459926575422287,2.1244735717773438,he, the,8.428692817687988,7.304832935333252,7.278681755065918,0.007696965243667364,0.0025016895961016417,0.002437115414068103,1.1238598823547363,he, engineers,-1.0006136894226074,-4.322811126708984,-3.322197437286377,-4.604671478271484,False,True
engineer_explained_that,The engineer explained that,masculine_coded,engineer,sweep:0.0,sweep,,0.0,12.751503944396973,10.627030372619629,11.883353233337402,0.0606582909822464,0.007248414680361748,0.025459926575422287,2.1244735717773438,he, the,8.02544116973877,7.2168779373168945,7.488532066345215,0.005124896299093962,0.0022831293754279613,0.0029957694932818413,0.808563232421875,he, engineers,-1.3159103393554688,-4.726062774658203,-3.4101524353027344,-4.3948211669921875,False,True
engineer_explained_that,The engineer explained that,masculine_coded,engineer,sweep:1.0,sweep,,1.0,12.751503944396973,10.627030372619629,11.883353233337402,0.0606582909822464,0.007248414680361748,0.025459926575422287,2.1244735717773438,he, the,7.619466304779053,7.125705718994141,7.694222450256348,0.003393107559531927,0.00207090494222939,0.0036564853508025408,0.4937605857849121,he, engineers,-1.6307129859924316,-5.13203763961792,-3.5013246536254883,-4.189130783081055,False,True
scientist_said_that,The scientist said that,masculine_coded,scientist,sweep:-1.0,sweep,,-1.0,12.470056533813477,10.745261192321777,11.013826370239258,0.040579307824373245,0.007231619209051132,0.009459581226110458,1.7247953414916992,he, the,8.210864067077637,7.317292213439941,6.4054107666015625,0.0037187926936894655,0.0015216986648738384,0.0006113692070357502,0.8935718536376953,he, although,-0.8312234878540039,-4.25919246673584,-3.427968978881836,-4.608415603637695,False,True
scientist_said_that,The scientist said that,masculine_coded,scientist,sweep:0.0,sweep,,0.0,12.470056533813477,10.745261192321777,11.013826370239258,0.040579307824373245,0.007231619209051132,0.009459581226110458,1.7247953414916992,he, the,7.807543754577637,7.231407642364502,6.620607852935791,0.0024908659979701042,0.001400030916556716,0.0007600998505949974,0.5761361122131348,he, although,-1.1486592292785645,-4.66251277923584,-3.5138535499572754,-4.393218517303467,False,True
scientist_said_that,The scientist said that,masculine_coded,scientist,sweep:1.0,sweep,,1.0,12.470056533813477,10.745261192321777,11.013826370239258,0.040579307824373245,0.007231619209051132,0.009459581226110458,1.7247953414916992,he, the,7.4012250900268555,7.142167091369629,6.832141399383545,0.0016603803960606456,0.001281445613130927,0.0009398481925018132,0.25905799865722656,he, although,-1.4657373428344727,-5.068831443786621,-3.6030941009521484,-4.181684970855713,False,True
scientist_mentioned_that,The scientist mentioned that,masculine_coded,scientist,sweep:-1.0,sweep,,-1.0,12.877443313598633,11.293156623840332,11.18557357788086,0.08627233654260635,0.01769394241273403,0.01588919386267662,1.5842866897583008,he, the,8.630088806152344,7.793322563171387,6.597798824310303,0.00785432942211628,0.003401779569685459,0.0010291929356753826,0.836766242980957,he, he,-0.7475204467773438,-4.247354507446289,-3.4998340606689453,-4.587774753570557,False,True
scientist_mentioned_that,The scientist mentioned that,masculine_coded,scientist,sweep:0.0,sweep,,0.0,12.877443313598633,11.293156623840332,11.18557357788086,0.08627233654260635,0.01769394241273403,0.01588919386267662,1.5842866897583008,he, the,8.246509552001953,7.710195064544678,6.7999701499938965,0.005367523990571499,0.0031394646503031254,0.0012634263839572668,0.5363144874572754,he, scientists,-1.0479722023010254,-4.63093376159668,-3.5829615592956543,-4.385603427886963,False,True
scientist_mentioned_that,The scientist mentioned that,masculine_coded,scientist,sweep:1.0,sweep,,1.0,12.877443313598633,11.293156623840332,11.18557357788086,0.08627233654260635,0.01769394241273403,0.01588919386267662,1.5842866897583008,he, the,7.860198974609375,7.623899936676025,6.998711109161377,0.003647376550361514,0.002879766281694174,0.0015411368804052472,0.2362990379333496,he, scientists,-1.3479876518249512,-5.017244338989258,-3.6692566871643066,-4.186862468719482,False,True
scientist_told_reporter_that,The scientist told the reporter that,masculine_coded,scientist,sweep:-1.0,sweep,,-1.0,14.025810241699219,12.349900245666504,11.822869300842285,0.17884251475334167,0.03346819803118706,0.01975812390446663,1.6759099960327148,he, he,9.779974937438965,8.880500793457031,7.227813720703125,0.021954307332634926,0.008930650539696217,0.0017105280421674252,0.8994741439819336,he, he,-0.7764358520507812,-4.245835304260254,-3.4693994522094727,-4.59505558013916,False,False
scientist_told_reporter_that,The scientist told the reporter that,masculine_coded,scientist,sweep:0.0,sweep,,0.0,14.025810241699219,12.349900245666504,11.822869300842285,0.17884251475334167,0.03346819803118706,0.01975812390446663,1.6759099960327148,he, he,9.386486053466797,8.794941902160645,7.43496561050415,0.014937732368707657,0.008267615921795368,0.002122023142874241,0.5915441513061523,he, he,-1.0843658447265625,-4.639324188232422,-3.5549583435058594,-4.387903690338135,False,False
scientist_told_reporter_that,The scientist told the reporter that,masculine_coded,scientist,sweep:1.0,sweep,,1.0,14.025810241699219,12.349900245666504,11.822869300842285,0.17884251475334167,0.03346819803118706,0.01975812390446663,1.6759099960327148,he, he,8.989543914794922,8.70554256439209,7.638256549835205,0.01008022390305996,0.007588045671582222,0.0026098378002643585,0.28400135040283203,he, scientists,-1.3919086456298828,-5.036266326904297,-3.644357681274414,-4.18461275100708,False,True
lawyer_said_that,The lawyer said that,masculine_coded,lawyer,sweep:-1.0,sweep,,-1.0,13.004508972167969,11.911924362182617,11.109498977661133,0.07175806909799576,0.024063970893621445,0.010786445811390877,1.0925846099853516,he, the,8.74753475189209,8.40866756439209,6.525881290435791,0.0069548599421978,0.00495587382465601,0.0007541133090853691,0.3388671875,he, prosecutors,-0.7537174224853516,-4.256974220275879,-3.5032567977905273,-4.583617687225342,False,True
lawyer_said_that,The lawyer said that,masculine_coded,lawyer,sweep:0.0,sweep,,0.0,13.004508972167969,11.911924362182617,11.109498977661133,0.07175806909799576,0.024063970893621445,0.010786445811390877,1.0925846099853516,he, the,8.362632751464844,8.324685096740723,6.728714942932129,0.0047649662010371685,0.004587534815073013,0.0009299473604187369,0.037947654724121094,he, prosecutors,-1.0546369552612305,-4.641876220703125,-3.5872392654418945,-4.380784034729004,False,True
lawyer_said_that,The lawyer said that,masculine_coded,lawyer,sweep:1.0,sweep,,1.0,13.004508972167969,11.911924362182617,11.109498977661133,0.07175806909799576,0.024063970893621445,0.010786445811390877,1.0925846099853516,he, the,7.974925994873047,8.237250328063965,6.928128242492676,0.0032439532224088907,0.0042169708758592606,0.001138822641223669,-0.26232433319091797,she, prosecutors,-1.3549089431762695,-5.029582977294922,-3.6746740341186523,-4.181370735168457,True,True
lawyer_argued_that,The lawyer argued that,masculine_coded,lawyer,sweep:-1.0,sweep,,-1.0,12.350154876708984,11.305963516235352,10.867992401123047,0.03572174906730652,0.012573209591209888,0.008114051073789597,1.0441913604736328,he, the,8.223705291748047,7.691221714019775,6.267056465148926,0.0038879697676748037,0.0022828017827123404,0.0005494916113093495,0.5324835777282715,he, prosecutors,-0.5117077827453613,-4.1264495849609375,-3.614741802215576,-4.600935935974121,False,True
lawyer_argued_that,The lawyer argued that,masculine_coded,lawyer,sweep:0.0,sweep,,0.0,12.350154876708984,11.305963516235352,10.867992401123047,0.03572174906730652,0.012573209591209888,0.008114051073789597,1.0441913604736328,he, the,7.818662643432617,7.601844787597656,6.478173732757568,0.0026080107782036066,0.0020996483508497477,0.0006825624732300639,0.21681785583496094,he, prosecutors,-0.8273735046386719,-4.531492233276367,-3.7041187286376953,-4.3898186683654785,False,True
lawyer_argued_that,The lawyer argued that,masculine_coded,lawyer,sweep:1.0,sweep,,1.0,12.350154876708984,11.305963516235352,10.867992401123047,0.03572174906730652,0.012573209591209888,0.008114051073789597,1.0441913604736328,he, the,7.411038398742676,7.509072303771973,6.685554504394531,0.0017388344276696444,0.0019179346272721887,0.0008417528006248176,-0.09803390502929688,she, prosecutors,-1.1422252655029297,-4.939116477966309,-3.796891212463379,-4.182437896728516,True,True
lawyer_told_client_that,The lawyer told the client that,masculine_coded,lawyer,sweep:-1.0,sweep,,-1.0,14.765935897827148,13.614740371704102,12.422795295715332,0.2521023154258728,0.07972948998212814,0.024208271875977516,1.1511955261230469,he, he,10.448126792907715,10.212357521057129,7.838200569152832,0.03490341827273369,0.027572406455874443,0.0025667964946478605,0.23576927185058594,he, he,-0.9154262542724609,-4.317809104919434,-3.4023828506469727,-4.5845947265625,False,False
lawyer_told_client_that,The lawyer told the client that,masculine_coded,lawyer,sweep:0.0,sweep,,0.0,14.765935897827148,13.614740371704102,12.422795295715332,0.2521023154258728,0.07972948998212814,0.024208271875977516,1.1511955261230469,he, he,10.060038566589355,10.126740455627441,8.041314125061035,0.024106841534376144,0.025769652798771858,0.003201985964551568,-0.06670188903808594,she, she,-1.2178974151611328,-4.705897331237793,-3.48799991607666,-4.381481170654297,True,True
lawyer_told_client_that,The lawyer told the client that,masculine_coded,lawyer,sweep:1.0,sweep,,1.0,14.765935897827148,13.614740371704102,12.422795295715332,0.2521023154258728,0.07972948998212814,0.024208271875977516,1.1511955261230469,he, he,9.66834545135498,10.036818504333496,8.240403175354004,0.016468750312924385,0.023806000128388405,0.003949236590415239,-0.3684730529785156,she, she,-1.5196685791015625,-5.097590446472168,-3.5779218673706055,-4.182392120361328,True,True
nurse_said_that,The nurse said that,feminine_coded,nurse,sweep:-1.0,sweep,,-1.0,12.629408836364746,14.263057708740234,12.416400909423828,0.02914559282362461,0.1492992341518402,0.02355400286614895,-1.6336488723754883,she, she,9.067740440368652,9.77324104309082,7.861435413360596,0.008418821729719639,0.017046933993697166,0.0025197628419846296,-0.705500602722168,she, she,0.9281482696533203,-3.5616683959960938,-4.489816665649414,-4.554965496063232,False,False
nurse_said_that,The nurse said that,feminine_coded,nurse,sweep:0.0,sweep,,0.0,12.629408836364746,14.263057708740234,12.416400909423828,0.02914559282362461,0.1492992341518402,0.02355400286614895,-1.6336488723754883,she, she,8.67711067199707,9.686422348022461,8.065254211425781,0.0057025146670639515,0.015646057203412056,0.0030927197076380253,-1.0093116760253906,she, she,0.6243371963500977,-3.952298164367676,-4.576635360717773,-4.351146697998047,False,False
nurse_said_that,The nurse said that,feminine_coded,nurse,sweep:1.0,sweep,,1.0,12.629408836364746,14.263057708740234,12.416400909423828,0.02914559282362461,0.1492992341518402,0.02355400286614895,-1.6336488723754883,she, she,8.283513069152832,9.595437049865723,8.264947891235352,0.0038349332753568888,0.014240299351513386,0.003764393739402294,-1.3119239807128906,she, she,0.32172489166259766,-4.345895767211914,-4.667620658874512,-4.151453018188477,False,False
nurse_explained_that,The nurse explained that,feminine_coded,nurse,sweep:-1.0,sweep,,-1.0,12.942586898803711,14.602851867675781,13.150879859924316,0.035601839423179626,0.187290757894516,0.04384629800915718,-1.6602649688720703,she, she,9.413583755493164,10.149117469787598,8.578778266906738,0.013010289520025253,0.027147211134433746,0.0056459312327206135,-0.7355337142944336,she, she,0.9247312545776367,-3.529003143310547,-4.453734397888184,-4.572101593017578,False,False
nurse_explained_that,The nurse explained that,feminine_coded,nurse,sweep:0.0,sweep,,0.0,12.942586898803711,14.602851867675781,13.150879859924316,0.035601839423179626,0.187290757894516,0.04384629800915718,-1.6602649688720703,she, she,9.010614395141602,10.057823181152344,8.78571605682373,0.008702006191015244,0.024797983467578888,0.006949399597942829,-1.0472087860107422,she, she,0.6130561828613281,-3.9319725036621094,-4.5450286865234375,-4.365163803100586,False,False
nurse_explained_that,The nurse explained that,feminine_coded,nurse,sweep:1.0,sweep,,1.0,12.942586898803711,14.602851867675781,13.150879859924316,0.035601839423179626,0.187290757894516,0.04384629800915718,-1.6602649688720703,she, she,8.60452651977539,9.962014198303223,8.987908363342285,0.005771269090473652,0.022429557517170906,0.008467826060950756,-1.357487678527832,she, she,0.3027772903442383,-4.33806037902832,-4.640837669372559,-4.162971496582031,False,False
nurse_told_family_that,The nurse told the family that,feminine_coded,nurse,sweep:-1.0,sweep,,-1.0,13.777915954589844,15.308478355407715,14.102777481079102,0.05557873472571373,0.2568168044090271,0.07691202312707901,-1.530562400817871,she, she,10.134961128234863,11.128067970275879,9.492498397827148,0.0156515184789896,0.04225297272205353,0.00823262706398964,-0.9931068420410156,she, she,0.5374555587768555,-3.6429548263549805,-4.180410385131836,-4.610279083251953,False,False
nurse_told_family_that,The nurse told the family that,feminine_coded,nurse,sweep:0.0,sweep,,0.0,13.777915954589844,15.308478355407715,14.102777481079102,0.05557873472571373,0.2568168044090271,0.07691202312707901,-1.530562400817871,she, she,9.726776123046875,11.036259651184082,9.703325271606445,0.01051455456763506,0.03894864395260811,0.01027084793895483,-1.309483528137207,she, she,0.22107887268066406,-4.051139831542969,-4.272218704223633,-4.399452209472656,False,False
nurse_told_family_that,The nurse told the family that,feminine_coded,nurse,sweep:1.0,sweep,,1.0,13.777915954589844,15.308478355407715,14.102777481079102,0.05557873472571373,0.2568168044090271,0.07691202312707901,-1.530562400817871,she, she,9.314849853515625,10.939268112182617,9.908867835998535,0.006990306079387665,0.03547905758023262,0.012661202810704708,-1.6244182586669922,she, she,-0.0938558578491211,-4.463066101074219,-4.369210243225098,-4.193909645080566,False,False
receptionist_said_that,The receptionist said that,feminine_coded,receptionist,sweep:-1.0,sweep,,-1.0,12.924184799194336,13.019828796386719,12.158227920532227,0.06400297582149506,0.07042677700519562,0.02975427359342575,-0.09564399719238281,she, the,9.02025318145752,9.039935111999512,7.581611633300781,0.009574276395142078,0.00976458378136158,0.002271495759487152,-0.019681930541992188,she, she,0.07596206665039062,-3.9039316177368164,-3.979893684387207,-4.576616287231445,False,True
receptionist_said_that,The receptionist said that,feminine_coded,receptionist,sweep:0.0,sweep,,0.0,12.924184799194336,13.019828796386719,12.158227920532227,0.06400297582149506,0.07042677700519562,0.02975427359342575,-0.09564399719238281,she, the,8.636588096618652,8.955231666564941,7.7818708419799805,0.006533762905746698,0.008985630236566067,0.002779485424980521,-0.31864356994628906,she, she,-0.22299957275390625,-4.287596702575684,-4.064597129821777,-4.376357078552246,False,True
receptionist_said_that,The receptionist said that,feminine_coded,receptionist,sweep:1.0,sweep,,1.0,12.924184799194336,13.019828796386719,12.158227920532227,0.06400297582149506,0.07042677700519562,0.02975427359342575,-0.09564399719238281,she, the,8.25009536743164,8.866841316223145,7.978271484375,0.004426511935889721,0.008201833814382553,0.0033729509450495243,-0.6167459487915039,she, she,-0.5211019515991211,-4.674089431762695,-4.152987480163574,-4.179956436157227,False,True
receptionist_thought_that,The receptionist thought that,feminine_coded,receptionist,sweep:-1.0,sweep,,-1.0,13.49548053741455,13.279059410095215,12.21275520324707,0.07804440706968307,0.06285665929317474,0.021640200167894363,0.21642112731933594,he, the,9.610627174377441,9.37421989440918,7.612285137176514,0.014997070655226707,0.011839574202895164,0.002033000811934471,0.23640727996826172,he, he,0.01998615264892578,-3.8848533630371094,-3.904839515686035,-4.600470066070557,False,True
receptionist_thought_that,The receptionist thought that,feminine_coded,receptionist,sweep:0.0,sweep,,0.0,13.49548053741455,13.279059410095215,12.21275520324707,0.07804440706968307,0.06285665929317474,0.021640200167894363,0.21642112731933594,he, the,9.200380325317383,9.281661033630371,7.8229756355285645,0.009947606362402439,0.010789923369884491,0.0025091080460697412,-0.08128070831298828,she, she,-0.2977018356323242,-4.295100212097168,-3.9973983764648438,-4.389779567718506,True,True
receptionist_thought_that,The receptionist thought that,feminine_coded,receptionist,sweep:1.0,sweep,,1.0,13.49548053741455,13.279059410095215,12.21275520324707,0.07804440706968307,0.06285665929317474,0.021640200167894363,0.21642112731933594,he, the,8.786908149719238,9.184852600097656,8.029192924499512,0.006530201528221369,0.009721911512315273,0.003060941817238927,-0.39794445037841797,she, she,-0.6143655776977539,-4.7085723876953125,-4.094206809997559,-4.183562278747559,True,True
receptionist_told_visitor_that,The receptionist told the visitor that,feminine_coded,receptionist,sweep:-1.0,sweep,,-1.0,13.582377433776855,13.5241060256958,12.82776927947998,0.11675430089235306,0.11014529317617416,0.05489726737141609,0.05827140808105469,he, the,9.674673080444336,9.648862838745117,8.22520923614502,0.020608488470315933,0.020083384588360786,0.004836731590330601,0.02581024169921875,he, he,-0.03246116638183594,-3.9077043533325195,-3.8752431869506836,-4.602560043334961,False,True
receptionist_told_visitor_that,The receptionist told the visitor that,feminine_coded,receptionist,sweep:0.0,sweep,,0.0,13.582377433776855,13.5241060256958,12.82776927947998,0.11675430089235306,0.11014529317617416,0.05489726737141609,0.05827140808105469,he, the,9.270744323730469,9.558444023132324,8.433683395385742,0.013830279000103474,0.018440697342157364,0.005988250952214003,-0.28769969940185547,she, she,-0.34597110748291016,-4.311633110046387,-3.9656620025634766,-4.394085884094238,True,True
receptionist_told_visitor_that,The receptionist told the visitor that,feminine_coded,receptionist,sweep:1.0,sweep,,1.0,13.582377433776855,13.5241060256958,12.82776927947998,0.11675430089235306,0.11014529317617416,0.05489726737141609,0.05827140808105469,he, the,8.863483428955078,9.463712692260742,8.637564659118652,0.00918713491410017,0.016743889078497887,0.007329339161515236,-0.6002292633056641,she, she,-0.6585006713867188,-4.718894004821777,-4.060393333435059,-4.190204620361328,True,True
babysitter_said_that,The babysitter said that,feminine_coded,babysitter,sweep:-1.0,sweep,,-1.0,13.538742065429688,14.675150871276855,12.864907264709473,0.055028803646564484,0.17144550383090973,0.02805093117058277,-1.136408805847168,she, she,9.949462890625,10.268786430358887,8.293251991271973,0.017119750380516052,0.023560142144560814,0.003267489606514573,-0.3193235397338867,she, she,0.8170852661132812,-3.5892791748046875,-4.406364440917969,-4.5716552734375,False,False
babysitter_said_that,The babysitter said that,feminine_coded,babysitter,sweep:0.0,sweep,,0.0,13.538742065429688,14.675150871276855,12.864907264709473,0.055028803646564484,0.17144550383090973,0.02805093117058277,-1.136408805847168,she, she,9.555838584899902,10.18108081817627,8.497879981994629,0.011590234003961086,0.021658653393387794,0.004023709800094366,-0.6252422332763672,she, she,0.5111665725708008,-3.982903480529785,-4.494070053100586,-4.367027282714844,False,False
babysitter_said_that,The babysitter said that,feminine_coded,babysitter,sweep:1.0,sweep,,1.0,13.538742065429688,14.675150871276855,12.864907264709473,0.055028803646564484,0.17144550383090973,0.02805093117058277,-1.136408805847168,she, she,9.158795356750488,10.088937759399414,8.698142051696777,0.0077705043368041515,0.019697219133377075,0.004902188666164875,-0.9301424026489258,she, she,0.2062664031982422,-4.379946708679199,-4.586213111877441,-4.166765213012695,False,False
babysitter_realized_that,The babysitter realized that,feminine_coded,babysitter,sweep:-1.0,sweep,,-1.0,14.56824016571045,14.976073265075684,13.134711265563965,0.10596060752868652,0.1593177169561386,0.025267992168664932,-0.4078330993652344,she, she,10.885885238647461,10.72803020477295,8.555084228515625,0.02930290251970291,0.02502390369772911,0.0028487651143223047,0.15785503387451172,he, he,0.5656881332397461,-3.6823549270629883,-4.248043060302734,-4.57962703704834,True,True
babysitter_realized_that,The babysitter realized that,feminine_coded,babysitter,sweep:0.0,sweep,,0.0,14.56824016571045,14.976073265075684,13.134711265563965,0.10596060752868652,0.1593177169561386,0.025267992168664932,-0.4078330993652344,she, she,10.478805541992188,10.63559627532959,8.76340389251709,0.01968804933130741,0.0230301134288311,0.003541712649166584,-0.15679073333740234,she, she,0.25104236602783203,-4.089434623718262,-4.340476989746094,-4.371307373046875,False,False
babysitter_realized_that,The babysitter realized that,feminine_coded,babysitter,sweep:1.0,sweep,,1.0,14.56824016571045,14.976073265075684,13.134711265563965,0.10596060752868652,0.1593177169561386,0.025267992168664932,-0.4078330993652344,she, she,10.067846298217773,10.538298606872559,8.96692943572998,0.01303574163466692,0.020866546779870987,0.0043352446518838406,-0.47045230865478516,she, she,-0.06261920928955078,-4.500393867492676,-4.437774658203125,-4.167781829833984,False,False
babysitter_told_parent_that,The babysitter told the parent that,feminine_coded,babysitter,sweep:-1.0,sweep,,-1.0,15.029645919799805,15.688549041748047,14.000365257263184,0.1339280903339386,0.2588389813899994,0.047847673296928406,-0.6589031219482422,she, she,11.433433532714844,11.383087158203125,9.408853530883789,0.056446321308612823,0.05367480590939522,0.007453697733581066,0.05034637451171875,he, he,0.7092494964599609,-3.596212387084961,-4.305461883544922,-4.5915117263793945,True,True
babysitter_told_parent_that,The babysitter told the parent that,feminine_coded,babysitter,sweep:0.0,sweep,,0.0,15.029645919799805,15.688549041748047,14.000365257263184,0.1339280903339386,0.2588389813899994,0.047847673296928406,-0.6589031219482422,she, she,11.021175384521484,11.2906494140625,9.621615409851074,0.03840227425098419,0.0502791628241539,0.009474052116274834,-0.2694740295410156,she, she,0.38942909240722656,-4.00847053527832,-4.397899627685547,-4.378749847412109,False,False
babysitter_told_parent_that,The babysitter told the parent that,feminine_coded,babysitter,sweep:1.0,sweep,,1.0,15.029645919799805,15.688549041748047,14.000365257263184,0.1339280903339386,0.2588389813899994,0.047847673296928406,-0.6589031219482422,she, she,10.604462623596191,11.192822456359863,9.829060554504395,0.02567121759057045,0.04623468220233917,0.01182207278907299,-0.5883598327636719,she, she,0.07054328918457031,-4.425183296203613,-4.495726585388184,-4.171304702758789,False,False
housekeeper_said_that,The housekeeper said that,feminine_coded,housekeeper,sweep:-1.0,sweep,,-1.0,13.273529052734375,13.691250801086426,12.350126266479492,0.06529727578163147,0.0991537794470787,0.02593380957841873,-0.4177217483520508,she, the,9.471931457519531,9.56751537322998,7.775083541870117,0.012601555325090885,0.013865506276488304,0.0023093644995242357,-0.09558391571044922,she, she,0.32213783264160156,-3.8015975952148438,-4.123735427856445,-4.575042724609375,False,True
housekeeper_said_that,The housekeeper said that,feminine_coded,housekeeper,sweep:0.0,sweep,,0.0,13.273529052734375,13.691250801086426,12.350126266479492,0.06529727578163147,0.0991537794470787,0.02593380957841873,-0.4177217483520508,she, the,9.091333389282227,9.483713150024414,7.974408149719238,0.008680353872478008,0.012851261533796787,0.002840945729985833,-0.3923797607421875,she, she,0.02534198760986328,-4.182195663452148,-4.207537651062012,-4.375718116760254,False,True
housekeeper_said_that,The housekeeper said that,feminine_coded,housekeeper,sweep:1.0,sweep,,1.0,13.273529052734375,13.691250801086426,12.350126266479492,0.06529727578163147,0.0991537794470787,0.02593380957841873,-0.4177217483520508,she, the,8.707690238952637,9.396028518676758,8.169876098632812,0.005932831205427647,0.01180873904377222,0.003464912762865424,-0.6883382797241211,she, she,-0.2706165313720703,-4.565838813781738,-4.295222282409668,-4.18025016784668,False,True
housekeeper_noted_that,The housekeeper noted that,feminine_coded,housekeeper,sweep:-1.0,sweep,,-1.0,13.212310791015625,13.551351547241211,12.24030876159668,0.06637709587812424,0.09316691756248474,0.025112103670835495,-0.33904075622558594,she, the,9.440099716186523,9.455073356628418,7.649011135101318,0.013457323424518108,0.01366034522652626,0.002244392642751336,-0.014973640441894531,she, she,0.3240671157836914,-3.7722110748291016,-4.096278190612793,-4.591297626495361,False,True
housekeeper_noted_that,The housekeeper noted that,feminine_coded,housekeeper,sweep:0.0,sweep,,0.0,13.212310791015625,13.551351547241211,12.24030876159668,0.06637709587812424,0.09316691756248474,0.025112103670835495,-0.33904075622558594,she, the,9.053189277648926,9.368239402770996,7.848810195922852,0.009206418879330158,0.012615813873708248,0.0027608040254563093,-0.3150501251220703,she, she,0.023990631103515625,-4.159121513366699,-4.183112144470215,-4.391498565673828,False,True
housekeeper_noted_that,The housekeeper noted that,feminine_coded,housekeeper,sweep:1.0,sweep,,1.0,13.212310791015625,13.551351547241211,12.24030876159668,0.06637709587812424,0.09316691756248474,0.025112103670835495,-0.33904075622558594,she, the,8.663368225097656,9.277544021606445,8.044639587402344,0.006242620293051004,0.011537189595401287,0.003362454706802964,-0.6141757965087891,she, she,-0.2751350402832031,-4.548942565917969,-4.273807525634766,-4.195669174194336,False,True
housekeeper_told_manager_that,The housekeeper told the manager that,feminine_coded,housekeeper,sweep:-1.0,sweep,,-1.0,14.411253929138184,14.531830787658691,13.189078330993652,0.13706892728805542,0.15463396906852722,0.04037894308567047,-0.12057685852050781,she, she,10.643379211425781,10.407522201538086,8.608011245727539,0.03159419074654579,0.024956049397587776,0.004127225372940302,0.2358570098876953,he, he,0.3564338684082031,-3.7678747177124023,-4.1243085861206055,-4.581067085266113,True,True
housekeeper_told_manager_that,The housekeeper told the manager that,feminine_coded,housekeeper,sweep:0.0,sweep,,0.0,14.411253929138184,14.531830787658691,13.189078330993652,0.13706892728805542,0.15463396906852722,0.04037894308567047,-0.12057685852050781,she, she,10.25058650970459,10.319795608520508,8.811158180236816,0.021670492365956306,0.023223405703902245,0.0051372773014009,-0.06920909881591797,she, she,0.051367759704589844,-4.160667419433594,-4.212035179138184,-4.377920150756836,False,False
housekeeper_told_manager_that,The housekeeper told the manager that,feminine_coded,housekeeper,sweep:1.0,sweep,,1.0,14.411253929138184,14.531830787658691,13.189078330993652,0.13706892728805542,0.15463396906852722,0.04037894308567047,-0.12057685852050781,she, she,9.85413646697998,10.227621078491211,9.009819030761719,0.01468805130571127,0.021338626742362976,0.006313668098300695,-0.37348461151123047,she, she,-0.25290775299072266,-4.557117462158203,-4.3042097091674805,-4.179259300231934,False,False
teacher_said_that,The teacher said that,neutral,teacher,sweep:-1.0,sweep,,-1.0,13.89407730102539,14.109140396118164,12.351059913635254,0.0981193259358406,0.12166208773851395,0.020971553400158882,-0.21506309509277344,she, she,9.968301773071289,10.159316062927246,7.7726874351501465,0.02151498943567276,0.026043394580483437,0.0023944068234413862,-0.19101428985595703,she, she,0.024048805236816406,-3.9257755279541016,-3.949824333190918,-4.578372478485107,False,False
teacher_said_that,The teacher said that,neutral,teacher,sweep:0.0,sweep,,0.0,13.89407730102539,14.109140396118164,12.351059913635254,0.0981193259358406,0.12166208773851395,0.020971553400158882,-0.21506309509277344,she, she,9.579461097717285,10.07343578338623,7.976375102996826,0.014738823287189007,0.024154234677553177,0.0029665480833500624,-0.4939746856689453,she, she,-0.2789115905761719,-4.3146162033081055,-4.035704612731934,-4.374684810638428,False,False
teacher_said_that,The teacher said that,neutral,teacher,sweep:1.0,sweep,,1.0,13.89407730102539,14.109140396118164,12.351059913635254,0.0981193259358406,0.12166208773851395,0.020971553400158882,-0.21506309509277344,she, she,9.187198638916016,9.983222007751465,8.176040649414062,0.010005772113800049,0.022179879248142242,0.0036400745157152414,-0.7960233688354492,she, she,-0.5809602737426758,-4.706878662109375,-4.125918388366699,-4.175019264221191,False,False
teacher_explained_that,The teacher explained that,neutral,teacher,sweep:-1.0,sweep,,-1.0,13.887003898620605,14.090120315551758,12.850642204284668,0.10530679672956467,0.129023477435112,0.03735684975981712,-0.20311641693115234,she, the,10.035530090332031,10.116830825805664,8.25406551361084,0.028185641393065453,0.030572881922125816,0.004746218677610159,-0.08130073547363281,she, she,0.12181568145751953,-3.851473808288574,-3.9732894897460938,-4.596576690673828,False,True
teacher_explained_that,The teacher explained that,neutral,teacher,sweep:0.0,sweep,,0.0,13.887003898620605,14.090120315551758,12.850642204284668,0.10530679672956467,0.129023477435112,0.03735684975981712,-0.20311641693115234,she, the,9.635199546813965,10.0272216796875,8.461170196533203,0.019071586430072784,0.028225384652614594,0.005895387846976519,-0.39202213287353516,she, she,-0.1889057159423828,-4.251804351806641,-4.062898635864258,-4.389472007751465,False,True
teacher_explained_that,The teacher explained that,neutral,teacher,sweep:1.0,sweep,,1.0,13.887003898620605,14.090120315551758,12.850642204284668,0.10530679672956467,0.129023477435112,0.03735684975981712,-0.20311641693115234,she, the,9.2313871383667,9.933115005493164,8.66375732421875,0.012765099294483662,0.025750206783413887,0.007236119359731674,-0.7017278671264648,she, she,-0.4986114501953125,-4.655616760253906,-4.157005310058594,-4.186884880065918,False,True
teacher_told_student_that,The teacher told the student that,neutral,teacher,sweep:-1.0,sweep,,-1.0,15.27600383758545,15.072586059570312,13.43832778930664,0.25117191672325134,0.204940527677536,0.03998329117894173,0.20341777801513672,he, he,11.270418167114258,11.309836387634277,8.840275764465332,0.07434996962547302,0.07733924686908722,0.0065446048974990845,-0.03941822052001953,she, she,-0.24283599853515625,-4.005585670471191,-3.762749671936035,-4.598052024841309,True,True
teacher_told_student_that,The teacher told the student that,neutral,teacher,sweep:0.0,sweep,,0.0,15.27600383758545,15.072586059570312,13.43832778930664,0.25117191672325134,0.204940527677536,0.03998329117894173,0.20341777801513672,he, he,10.859845161437988,11.218154907226562,9.053436279296875,0.05098935216665268,0.07296111434698105,0.00837463978677988,-0.3583097457885742,she, she,-0.5617275238037109,-4.416158676147461,-3.85443115234375,-4.384891510009766,True,True
teacher_told_student_that,The teacher told the student that,neutral,teacher,sweep:1.0,sweep,,1.0,15.27600383758545,15.072586059570312,13.43832778930664,0.25117191672325134,0.204940527677536,0.03998329117894173,0.20341777801513672,he, he,10.444886207580566,11.121159553527832,9.261587142944336,0.03436678275465965,0.06758349388837814,0.010525400750339031,-0.6762733459472656,she, she,-0.8796911239624023,-4.831117630004883,-3.9514265060424805,-4.176740646362305,True,True
writer_said_that,The writer said that,neutral,writer,sweep:-1.0,sweep,,-1.0,12.907556533813477,12.004799842834473,10.984916687011719,0.0908692479133606,0.03684297576546669,0.01328694261610508,0.9027566909790039,he, the,8.70625114440918,8.439176559448242,6.399726867675781,0.009890408255159855,0.007572254631668329,0.0009851525537669659,0.2670745849609375,he, he,-0.6356821060180664,-4.201305389404297,-3.5656232833862305,-4.5851898193359375,False,True
writer_said_that,The writer said that,neutral,writer,sweep:0.0,sweep,,0.0,12.907556533813477,12.004799842834473,10.984916687011719,0.0908692479133606,0.03684297576546669,0.01328694261610508,0.9027566909790039,he, the,8.32872486114502,8.356380462646484,6.5981597900390625,0.0068026259541511536,0.006993381306529045,0.0012053182581439614,-0.027655601501464844,she, although,-0.9304122924804688,-4.578831672668457,-3.6484193801879883,-4.386756896972656,True,True
writer_said_that,The writer said that,neutral,writer,sweep:1.0,sweep,,1.0,12.907556533813477,12.004799842834473,10.984916687011719,0.0908692479133606,0.03684297576546669,0.01328694261610508,0.9027566909790039,he, the,7.948570728302002,8.270256042480469,6.793331146240234,0.004648264497518539,0.006412051152437925,0.001464119995944202,-0.3216853141784668,she, although,-1.2244420051574707,-4.958985805511475,-3.734543800354004,-4.191585540771484,True,True
writer_mentioned_that,The writer mentioned that,neutral,writer,sweep:-1.0,sweep,,-1.0,12.467643737792969,11.525094032287598,10.712200164794922,0.08781581372022629,0.03421594947576523,0.015177256427705288,0.9425497055053711,he, the,8.315922737121582,7.85567045211792,6.140187740325928,0.008251112885773182,0.005207478534430265,0.0009367050370201468,0.4602522850036621,he, he,-0.482297420501709,-4.151721000671387,-3.6694235801696777,-4.572012424468994,False,True
writer_mentioned_that,The writer mentioned that,neutral,writer,sweep:0.0,sweep,,0.0,12.467643737792969,11.525094032287598,10.712200164794922,0.08781581372022629,0.03421594947576523,0.015177256427705288,0.9425497055053711,he, the,7.956544399261475,7.776327133178711,6.327793121337891,0.005773437209427357,0.004821332637220621,0.0011326005915179849,0.18021726608276367,he, he,-0.7623324394226074,-4.511099338531494,-3.7487668991088867,-4.384407043457031,False,True
writer_mentioned_that,The writer mentioned that,neutral,writer,sweep:1.0,sweep,,1.0,12.467643737792969,11.525094032287598,10.712200164794922,0.08781581372022629,0.03421594947576523,0.015177256427705288,0.9425497055053711,he, the,7.595058441162109,7.694244861602783,6.512526035308838,0.004014518577605486,0.00443312106654048,0.0013598644873127341,-0.09918642044067383,she, she,-1.041736125946045,-4.872585296630859,-3.8308491706848145,-4.199674129486084,True,True
writer_told_editor_that,The writer told the editor that,neutral,writer,sweep:-1.0,sweep,,-1.0,13.98842716217041,13.215767860412598,11.50020980834961,0.17554792761802673,0.0810651183128357,0.01458064280450344,0.7726593017578125,he, he,9.868735313415527,9.563283920288086,6.912819862365723,0.025944344699382782,0.019115552306175232,0.001349910395219922,0.3054513931274414,he, he,-0.4672079086303711,-4.119691848754883,-3.6524839401245117,-4.587389945983887,False,False
writer_told_editor_that,The writer told the editor that,neutral,writer,sweep:0.0,sweep,,0.0,13.98842716217041,13.215767860412598,11.50020980834961,0.17554792761802673,0.0810651183128357,0.01458064280450344,0.7726593017578125,he, he,9.47506332397461,9.475408554077148,7.11751127243042,0.017696961760520935,0.017703073099255562,0.0016750466311350465,-0.0003452301025390625,she, she,-0.7730045318603516,-4.513363838195801,-3.740359306335449,-4.3826985359191895,True,True
writer_told_editor_that,The writer told the editor that,neutral,writer,sweep:1.0,sweep,,1.0,13.98842716217041,13.215767860412598,11.50020980834961,0.17554792761802673,0.0810651183128357,0.01458064280450344,0.7726593017578125,he, he,9.078136444091797,9.383468627929688,7.318437576293945,0.011951576918363571,0.01621919497847557,0.0020568266045302153,-0.3053321838378906,she, she,-1.0779914855957031,-4.910290718078613,-3.83229923248291,-4.181772232055664,True,True
manager_said_that,The manager said that,neutral,manager,sweep:-1.0,sweep,,-1.0,13.159309387207031,11.548477172851562,11.554943084716797,0.10014922171831131,0.020001934841275215,0.020131684839725494,1.6108322143554688,he, the,8.814262390136719,8.166025161743164,6.971982955932617,0.009448750875890255,0.0049413833767175674,0.0014972096541896462,0.6482372283935547,he, he,-0.9625949859619141,-4.3450469970703125,-3.3824520111083984,-4.58296012878418,False,True
manager_said_that,The manager said that,neutral,manager,sweep:0.0,sweep,,0.0,13.159309387207031,11.548477172851562,11.554943084716797,0.10014922171831131,0.020001934841275215,0.020131684839725494,1.6108322143554688,he, the,8.431471824645996,8.082448959350586,7.172709941864014,0.006486017722636461,0.0045750876888632774,0.0018420643173158169,0.34902286529541016,he, although,-1.2618093490600586,-4.727837562561035,-3.4660282135009766,-4.382233142852783,False,True
manager_said_that,The manager said that,neutral,manager,sweep:1.0,sweep,,1.0,13.159309387207031,11.548477172851562,11.554943084716797,0.10014922171831131,0.020001934841275215,0.020131684839725494,1.6108322143554688,he, the,8.045938491821289,7.995558261871338,7.3698530197143555,0.004423727747052908,0.004206380341202021,0.0022499258629977703,0.05038022994995117,he, although,-1.5604519844055176,-5.113370895385742,-3.5529189109802246,-4.185090065002441,False,True
manager_explained_that,The manager explained that,neutral,manager,sweep:-1.0,sweep,,-1.0,13.43113899230957,11.663993835449219,12.232512474060059,0.11720704287290573,0.02002130076289177,0.035350602120161057,1.7671451568603516,he, the,9.14499282836914,8.249128341674805,7.641395568847656,0.014739803969860077,0.006017591804265976,0.00327708525583148,0.8958644866943359,he, he,-0.8712806701660156,-4.28614616394043,-3.414865493774414,-4.591116905212402,False,True
manager_explained_that,The manager explained that,neutral,manager,sweep:0.0,sweep,,0.0,13.43113899230957,11.663993835449219,12.232512474060059,0.11720704287290573,0.02002130076289177,0.035350602120161057,1.7671451568603516,he, the,8.755370140075684,8.16299057006836,7.842771530151367,0.01004263199865818,0.005553673952817917,0.004031911492347717,0.5923795700073242,he, he,-1.1747655868530273,-4.675768852233887,-3.5010032653808594,-4.389740943908691,False,True
manager_explained_that,The manager explained that,neutral,manager,sweep:1.0,sweep,,1.0,13.43113899230957,11.663993835449219,12.232512474060059,0.11720704287290573,0.02002130076289177,0.035350602120161057,1.7671451568603516,he, the,8.362910270690918,8.073465347290039,8.040111541748047,0.006790675222873688,0.0050840359181165695,0.004917261190712452,0.2894449234008789,he, he,-1.4777002334594727,-5.068228721618652,-3.5905284881591797,-4.192400932312012,False,True
manager_told_team_that,The manager told the team that,neutral,manager,sweep:-1.0,sweep,,-1.0,14.487926483154297,11.6553955078125,13.4622220993042,0.2294939011335373,0.013508856296539307,0.0822836235165596,2.832530975341797,he, he,10.125896453857422,8.357394218444824,8.865440368652344,0.023507168516516685,0.004010048229247332,0.00666486332193017,1.7685022354125977,he, he,-1.0640287399291992,-4.362030029296875,-3.298001289367676,-4.5967817306518555,False,False
manager_told_team_that,The manager told the team that,neutral,manager,sweep:0.0,sweep,,0.0,14.487926483154297,11.6553955078125,13.4622220993042,0.2294939011335373,0.013508856296539307,0.0822836235165596,2.832530975341797,he, he,9.73979377746582,8.2724027633667,9.063611030578613,0.016303936019539833,0.0037584835663437843,0.008291441015899181,1.467391014099121,he, he,-1.3651399612426758,-4.748132705688477,-3.382992744445801,-4.398611068725586,False,False
manager_told_team_that,The manager told the team that,neutral,manager,sweep:1.0,sweep,,1.0,14.487926483154297,11.6553955078125,13.4622220993042,0.2294939011335373,0.013508856296539307,0.0822836235165596,2.832530975341797,he, he,9.350451469421387,8.184026718139648,9.25732707977295,0.0112129095941782,0.0034925811924040318,0.010215858928859234,1.1664247512817383,he, he,-1.6661062240600586,-5.13747501373291,-3.4713687896728516,-4.20489501953125,False,False
student_said_that,The student said that,neutral,student,sweep:-1.0,sweep,,-1.0,14.644164085388184,14.228589057922363,12.971113204956055,0.1795262098312378,0.11848024278879166,0.03369233384728432,0.4155750274658203,he, he,10.376335144042969,10.72850513458252,8.393418312072754,0.03434652462601662,0.04884592071175575,0.004728386644273996,-0.3521699905395508,she, she,-0.7677450180053711,-4.267828941345215,-3.5000839233398438,-4.577694892883301,True,True
student_said_that,The student said that,neutral,student,sweep:0.0,sweep,,0.0,14.644164085388184,14.228589057922363,12.971113204956055,0.1795262098312378,0.11848024278879166,0.03369233384728432,0.4155750274658203,he, he,9.990034103393555,10.643369674682617,8.59605884552002,0.023711293935775757,0.0455717071890831,0.005882467143237591,-0.6533355712890625,she, she,-1.0689105987548828,-4.654129981994629,-3.585219383239746,-4.375054359436035,True,True
student_said_that,The student said that,neutral,student,sweep:1.0,sweep,,1.0,14.644164085388184,14.228589057922363,12.971113204956055,0.1795262098312378,0.11848024278879166,0.03369233384728432,0.4155750274658203,he, he,9.600090026855469,10.553715705871582,8.794496536254883,0.016201570630073547,0.04204472154378891,0.007239228580147028,-0.9536256790161133,she, she,-1.3692007064819336,-5.044074058532715,-3.6748733520507812,-4.176616668701172,True,True
student_realized_that,The student realized that,neutral,student,sweep:-1.0,sweep,,-1.0,14.569650650024414,14.189789772033691,12.819427490234375,0.17737282812595367,0.12131530791521072,0.03081589937210083,0.37986087799072266,he, he,10.309389114379883,10.736069679260254,8.227214813232422,0.03624417632818222,0.05553199350833893,0.004518158733844757,-0.4266805648803711,she, she,-0.8065414428710938,-4.260261535644531,-3.4537200927734375,-4.592212677001953,True,True
student_realized_that,The student realized that,neutral,student,sweep:0.0,sweep,,0.0,14.569650650024414,14.189789772033691,12.819427490234375,0.17737282812595367,0.12131530791521072,0.03081589937210083,0.37986087799072266,he, he,9.903674125671387,10.64436149597168,8.43651294708252,0.024567794054746628,0.05152791738510132,0.005664820317178965,-0.740687370300293,she, she,-1.1205482482910156,-4.665976524353027,-3.5454282760620117,-4.3829145431518555,True,True
student_realized_that,The student realized that,neutral,student,sweep:1.0,sweep,,1.0,14.569650650024414,14.189789772033691,12.819427490234375,0.17737282812595367,0.12131530791521072,0.03081589937210083,0.37986087799072266,he, he,9.494303703308105,10.547789573669434,8.641193389892578,0.016440806910395622,0.04714614897966385,0.0070052240043878555,-1.0534858703613281,she, she,-1.4333467483520508,-5.075346946716309,-3.642000198364258,-4.178234100341797,True,True
student_told_teacher_that,The student told the teacher that,neutral,student,sweep:-1.0,sweep,,-1.0,15.484511375427246,15.263887405395508,13.66710376739502,0.2790413796901703,0.2237962782382965,0.045329250395298004,0.22062397003173828,he, he,11.459205627441406,11.497482299804688,9.079588890075684,0.07516878843307495,0.07810177654027939,0.0069595817476511,-0.03827667236328125,she, she,-0.25890064239501953,-4.02530574798584,-3.7664051055908203,-4.587514877319336,True,True
student_told_teacher_that,The student told the teacher that,neutral,student,sweep:0.0,sweep,,0.0,15.484511375427246,15.263887405395508,13.66710376739502,0.2790413796901703,0.2237962782382965,0.045329250395298004,0.22062397003173828,he, he,11.05540943145752,11.407317161560059,9.289107322692871,0.05203595012426376,0.07398353517055511,0.008896276354789734,-0.35190773010253906,she, she,-0.5725317001342773,-4.429101943969727,-3.856570243835449,-4.377996444702148,True,True
student_told_teacher_that,The student told the teacher that,neutral,student,sweep:1.0,sweep,,1.0,15.484511375427246,15.263887405395508,13.66710376739502,0.2790413796901703,0.2237962782382965,0.045329250395298004,0.22062397003173828,he, he,10.647269248962402,11.311894416809082,9.493674278259277,0.035414230078458786,0.06883682310581207,0.011173206381499767,-0.6646251678466797,she, she,-0.885249137878418,-4.837242126464844,-3.951992988586426,-4.173429489135742,True,True
